insert into Book values ('239101', 'Harry Potter and the Prisoner of Azkaban', '674590', 'Fantasy', '450', '$17.99', '20', '$7.99', 'True', '143429', '2015', '80%')
insert into Book values ('374823', 'Harry Potter and the Philosophers Stone', '674590', 'Fantasy', '561', '$19.99', '20', '$9.99', 'True', '143429', '2018', '80%')
insert into Book values ('785339', 'Harry Potter and the Chamber of Secrets', '674590', 'Fantasy', '352', '$19.99', '20', '$9.99', 'True', '143429', '2013', '80%')
insert into Book values ('837461', 'Little Thieves', '893416', 'Fantasy', '437', '$29.99', '20', '$24.99', 'True', '637231', '2021', '70%')
insert into Book values ('483912', 'Animal Farm', '984345', 'Political Satire', '492', '$9.99', '20', '$6.99', 'True', '894943', '1945', '85%')
insert into Book values ('874912', 'Nineteen Eighty-Four', '984345', 'Dystopian', '519', '$4.99', '20', '$4.99', 'True', '894943', '1943', '85%')

insert into Author values ('674590', 'J. K. Rowling', '871 Johnson Squares Apt. 991', 'jkrowling@book.com', '613 645 2828', '1728393946273541')
insert into Author values ('893416', 'Margaret Owen', '7612 Lourdes Ways Suite 455', 'margaretowen@book.com', '613 443 9815', '9403327483365869')
insert into Author values ('984345', 'George Orwell', '500 Kozey Port', 'georgeorwell@book.com', '613 883 9919', '7483002900012341')

insert into Publisher values ('143429', 'Bloomsbury Publishing', '75873 Muller Village Suite 010', 'bloomsbury@publisher.com', '231 829 9399', '1748374950337231')
insert into Publisher values ('637231', 'Henry Holt and Co.', '75873 Muller Village Suite 010', 'henryholtandco@publisher.com', '884 943 3142', '8939483811230901')
insert into Publisher values ('894943', '3698 Keith Stravenue Apt. 121', '75873 Muller Village Suite 010', 'seckerandwarburg@publisher.com', '948 919 2382', '8372819205847362')

insert into User values ('447675', 'Admin', 'User', 'admin@admin.com', 'admin', 'Admin Road', 'Ottawa', 'Ontario', 'A1A 1A1')